<?xml version="1.0"?><lu_Condiment_Food_Table>
<lu_Condiment_Food_Row><survey_food_code>11111000</survey_food_code><display_name>Whole milk</display_name><condiment_portion_size>1/2  cup</condiment_portion_size><condiment_portion_code>10205</condiment_portion_code><condiment_grains>.00000</condiment_grains><condiment_whole_grains>.00000</condiment_whole_grains><condiment_vegetables>.00000</condiment_vegetables><condiment_dkgreen>.00000</condiment_dkgreen><condiment_orange>.00000</condiment_orange><condiment_starchy_vegetables>.00000</condiment_starchy_vegetables><condiment_other_vegetables>.00000</condiment_other_vegetables><condiment_fruits>.00000</condiment_fruits><condiment_milk>.50020</condiment_milk><condiment_meat>.00000</condiment_meat><condiment_soy>.00000</condiment_soy><condiment_drybeans_peas>.00000</condiment_drybeans_peas><condiment_oils>.00000</condiment_oils><condiment_solid_fats>34.78464</condiment_solid_fats><condiment_added_sugars>.00000</condiment_added_sugars><condiment_alcohol>.00000</condiment_alcohol><condiment_calories>73.20000</condiment_calories><condiment_saturated_fats>2.26920</condiment_saturated_fats></lu_Condiment_Food_Row><lu_Condiment_Food_Row><survey_food_code>11111000</survey_food_code><display_name>Whole milk</display_name><condiment_portion_size>2 Tablespoons</condiment_portion_size><condiment_portion_code>30000</condiment_portion_code><condiment_grains>.00000</condiment_grains><condiment_whole_grains>.00000</condiment_whole_grains><condiment_vegetables>.00000</condiment_vegetables><condiment_dkgreen>.00000</condiment_dkgreen><condiment_orange>.00000</condiment_orange><condiment_starchy_vegetables>.00000</condiment_starchy_vegetables><condiment_other_vegetables>.00000</condiment_other_vegetables><condiment_fruits>.00000</condiment_fruits><condiment_milk>.12505</condiment_milk><condiment_meat>.00000</condiment_meat><condiment_soy>.00000</condiment_soy><condiment_drybeans_peas>.00000</condiment_drybeans_peas><condiment_oils>.00000</condiment_oils><condiment_solid_fats>8.69616</condiment_solid_fats><condiment_added_sugars>.00000</condiment_added_sugars><condiment_alcohol>.00000</condiment_alcohol><condiment_calories>18.30000</condiment_calories><condiment_saturated_fats>.56730</condiment_saturated_fats></lu_Condiment_Food_Row><lu_Condiment_Food_Row><survey_food_code>11112210</survey_food_code><display_name>1% milk (low fat)</display_name><condiment_portion_size>1/2  cup</condiment_portion_size><condiment_portion_code>10205</condiment_portion_code><condiment_grains>.00000</condiment_grains><condiment_whole_grains>.00000</condiment_whole_grains><condiment_vegetables>.00000</condiment_vegetables><condiment_dkgreen>.00000</condiment_dkgreen><condiment_orange>.00000</condiment_orange><condiment_starchy_vegetables>.00000</condiment_starchy_vegetables><condiment_other_vegetables>.00000</condiment_other_vegetables><condiment_fruits>.00000</condiment_fruits><condiment_milk>.50020</condiment_milk><condiment_meat>.00000</condiment_meat><condiment_soy>.00000</condiment_soy><condiment_drybeans_peas>.00000</condiment_drybeans_peas><condiment_oils>.00000</condiment_oils><condiment_solid_fats>9.75024</condiment_solid_fats><condiment_added_sugars>.00000</condiment_added_sugars><condiment_alcohol>.00000</condiment_alcohol><condiment_calories>51.24000</condiment_calories><condiment_saturated_fats>.76860</condiment_saturated_fats></lu_Condiment_Food_Row><lu_Condiment_Food_Row><survey_food_code>11112210</survey_food_code><display_name>1% milk (low fat)</display_name><condiment_portion_size>2 Tablespoons</condiment_portion_size><condiment_portion_code>30000</condiment_portion_code><condiment_grains>.00000</condiment_grains><condiment_whole_grains>.00000</condiment_whole_grains><condiment_vegetables>.00000</condiment_vegetables><condiment_dkgreen>.00000</condiment_dkgreen><condiment_orange>.00000</condiment_orange><condiment_starchy_vegetables>.00000</condiment_starchy_vegetables><condiment_other_vegetables>.00000</condiment_other_vegetables><condiment_fruits>.00000</condiment_fruits><condiment_milk>.12505</condiment_milk><condiment_meat>.00000</condiment_meat><condiment_soy>.00000</condiment_soy><condiment_drybeans_peas>.00000</condiment_drybeans_peas><condiment_oils>.00000</condiment_oils><condiment_solid_fats>2.43756</condiment_solid_fats><condiment_added_sugars>.00000</condiment_added_sugars><condiment_alcohol>.00000</condiment_alcohol><condiment_calories>12.81000</condiment_calories><condiment_saturated_fats>.19215</condiment_saturated_fats></lu_Condiment_Food_Row><lu_Condiment_Food_Row><survey_food_code>11113000</survey_food_code><display_name>Fat free milk (skim)</display_name><condiment_portion_size>1/2  cup</condiment_portion_size><condiment_portion_code>10205</condiment_portion_code><condiment_grains>.00000</condiment_grains><condiment_whole_grains>.00000</condiment_whole_grains><condiment_vegetables>.00000</condiment_vegetables><condiment_dkgreen>.00000</condiment_dkgreen><condiment_orange>.00000</condiment_orange><condiment_starchy_vegetables>.00000</condiment_starchy_vegetables><condiment_other_vegetables>.00000</condiment_other_vegetables><condiment_fruits>.00000</condiment_fruits><condiment_milk>.49980</condiment_milk><condiment_meat>.00000</condiment_meat><condiment_soy>.00000</condiment_soy><condiment_drybeans_peas>.00000</condiment_drybeans_peas><condiment_oils>.00000</condiment_oils><condiment_solid_fats>.00000</condiment_solid_fats><condiment_added_sugars>.00000</condiment_added_sugars><condiment_alcohol>.00000</condiment_alcohol><condiment_calories>41.65000</condiment_calories><condiment_saturated_fats>.14700</condiment_saturated_fats></lu_Condiment_Food_Row><lu_Condiment_Food_Row><survey_food_code>11113000</survey_food_code><display_name>Fat free milk (skim)</display_name><condiment_portion_size>2 Tablespoons</condiment_portion_size><condiment_portion_code>30000</condiment_portion_code><condiment_grains>.00000</condiment_grains><condiment_whole_grains>.00000</condiment_whole_grains><condiment_vegetables>.00000</condiment_vegetables><condiment_dkgreen>.00000</condiment_dkgreen><condiment_orange>.00000</condiment_orange><condiment_starchy_vegetables>.00000</condiment_starchy_vegetables><condiment_other_vegetables>.00000</condiment_other_vegetables><condiment_fruits>.00000</condiment_fruits><condiment_milk>.12495</condiment_milk><condiment_meat>.00000</condiment_meat><condiment_soy>.00000</condiment_soy><condiment_drybeans_peas>.00000</condiment_drybeans_peas><condiment_oils>.00000</condiment_oils><condiment_solid_fats>.00000</condiment_solid_fats><condiment_added_sugars>.00000</condiment_added_sugars><condiment_alcohol>.00000</condiment_alcohol><condiment_calories>10.41250</condiment_calories><condiment_saturated_fats>.03675</condiment_saturated_fats></lu_Condiment_Food_Row><lu_Condiment_Food_Row><survey_food_code>11320000</survey_food_code><display_name>Soymilk, plain (calcium fortified)</display_name><condiment_portion_size>1/2  cup</condiment_portion_size><condiment_portion_code>10205</condiment_portion_code><condiment_grains>.00000</condiment_grains><condiment_whole_grains>.00000</condiment_whole_grains><condiment_vegetables>.00000</condiment_vegetables><condiment_dkgreen>.00000</condiment_dkgreen><condiment_orange>.00000</condiment_orange><condiment_starchy_vegetables>.00000</condiment_starchy_vegetables><condiment_other_vegetables>.00000</condiment_other_vegetables><condiment_fruits>.00000</condiment_fruits><condiment_milk>.00000</condiment_milk><condiment_meat>.00000</condiment_meat><condiment_soy>.49980</condiment_soy><condiment_drybeans_peas>.00000</condiment_drybeans_peas><condiment_oils>.27386</condiment_oils><condiment_solid_fats>.00000</condiment_solid_fats><condiment_added_sugars>.00000</condiment_added_sugars><condiment_alcohol>.00000</condiment_alcohol><condiment_calories>49.00000</condiment_calories><condiment_saturated_fats>.25725</condiment_saturated_fats></lu_Condiment_Food_Row><lu_Condiment_Food_Row><survey_food_code>12110100</survey_food_code><display_name>Light cream (coffee or table cream)</display_name><condiment_portion_size>2 Tbsp</condiment_portion_size><condiment_portion_code>30000</condiment_portion_code><condiment_grains>.00000</condiment_grains><condiment_whole_grains>.00000</condiment_whole_grains><condiment_vegetables>.00000</condiment_vegetables><condiment_dkgreen>.00000</condiment_dkgreen><condiment_orange>.00000</condiment_orange><condiment_starchy_vegetables>.00000</condiment_starchy_vegetables><condiment_other_vegetables>.00000</condiment_other_vegetables><condiment_fruits>.00000</condiment_fruits><condiment_milk>.00000</condiment_milk><condiment_meat>.00000</condiment_meat><condiment_soy>.00000</condiment_soy><condiment_drybeans_peas>.00000</condiment_drybeans_peas><condiment_oils>.00000</condiment_oils><condiment_solid_fats>52.13700</condiment_solid_fats><condiment_added_sugars>.00000</condiment_added_sugars><condiment_alcohol>.00000</condiment_alcohol><condiment_calories>58.50000</condiment_calories><condiment_saturated_fats>3.60600</condiment_saturated_fats></lu_Condiment_Food_Row><lu_Condiment_Food_Row><survey_food_code>12120100</survey_food_code><display_name>Half &amp; Half</display_name><condiment_portion_size>2 Tbsp</condiment_portion_size><condiment_portion_code>30000</condiment_portion_code><condiment_grains>.00000</condiment_grains><condiment_whole_grains>.00000</condiment_whole_grains><condiment_vegetables>.00000</condiment_vegetables><condiment_dkgreen>.00000</condiment_dkgreen><condiment_orange>.00000</condiment_orange><condiment_starchy_vegetables>.00000</condiment_starchy_vegetables><condiment_other_vegetables>.00000</condiment_other_vegetables><condiment_fruits>.00000</condiment_fruits><condiment_milk>.00000</condiment_milk><condiment_meat>.00000</condiment_meat><condiment_soy>.00000</condiment_soy><condiment_drybeans_peas>.00000</condiment_drybeans_peas><condiment_oils>.00000</condiment_oils><condiment_solid_fats>31.25700</condiment_solid_fats><condiment_added_sugars>.00000</condiment_added_sugars><condiment_alcohol>.00000</condiment_alcohol><condiment_calories>39.26000</condiment_calories><condiment_saturated_fats>2.16232</condiment_saturated_fats></lu_Condiment_Food_Row><lu_Condiment_Food_Row><survey_food_code>12140000</survey_food_code><display_name>Whipped cream (sweetened)</display_name><condiment_portion_size>1/4 cup</condiment_portion_size><condiment_portion_code>10205</condiment_portion_code><condiment_grains>.00000</condiment_grains><condiment_whole_grains>.00000</condiment_whole_grains><condiment_vegetables>.00000</condiment_vegetables><condiment_dkgreen>.00000</condiment_dkgreen><condiment_orange>.00000</condiment_orange><condiment_starchy_vegetables>.00000</condiment_starchy_vegetables><condiment_other_vegetables>.00000</condiment_other_vegetables><condiment_fruits>.00000</condiment_fruits><condiment_milk>.00000</condiment_milk><condiment_meat>.00000</condiment_meat><condiment_soy>.00000</condiment_soy><condiment_drybeans_peas>.00000</condiment_drybeans_peas><condiment_oils>.00000</condiment_oils><condiment_solid_fats>93.20378</condiment_solid_fats><condiment_added_sugars>6.69242</condiment_added_sugars><condiment_alcohol>.00000</condiment_alcohol><condiment_calories>103.53000</condiment_calories><condiment_saturated_fats>6.44385</condiment_saturated_fats></lu_Condiment_Food_Row><lu_Condiment_Food_Row><survey_food_code>12210200</survey_food_code><display_name>Coffee Mate creamer (liquid)</display_name><condiment_portion_size>2 Tbsp</condiment_portion_size><condiment_portion_code>30000</condiment_portion_code><condiment_grains>.00000</condiment_grains><condiment_whole_grains>.00000</condiment_whole_grains><condiment_vegetables>.00000</condiment_vegetables><condiment_dkgreen>.00000</condiment_dkgreen><condiment_orange>.00000</condiment_orange><condiment_starchy_vegetables>.00000</condiment_starchy_vegetables><condiment_other_vegetables>.00000</condiment_other_vegetables><condiment_fruits>.00000</condiment_fruits><condiment_milk>.00000</condiment_milk><condiment_meat>.00000</condiment_meat><condiment_soy>.00000</condiment_soy><condiment_drybeans_peas>.00000</condiment_drybeans_peas><condiment_oils>.00000</condiment_oils><condiment_solid_fats>26.91900</condiment_solid_fats><condiment_added_sugars>13.22425</condiment_added_sugars><condiment_alcohol>.00000</condiment_alcohol><condiment_calories>40.80000</condiment_calories><condiment_saturated_fats>.58200</condiment_saturated_fats></lu_Condiment_Food_Row><lu_Condiment_Food_Row><survey_food_code>12210250</survey_food_code><display_name>Coffee Mate Lite creamer (liquid)</display_name><condiment_portion_size>2 Tbsp</condiment_portion_size><condiment_portion_code>30000</condiment_portion_code><condiment_grains>.00000</condiment_grains><condiment_whole_grains>.00000</condiment_whole_grains><condiment_vegetables>.00000</condiment_vegetables><condiment_dkgreen>.00000</condiment_dkgreen><condiment_orange>.00000</condiment_orange><condiment_starchy_vegetables>.00000</condiment_starchy_vegetables><condiment_other_vegetables>.00000</condiment_other_vegetables><condiment_fruits>.00000</condiment_fruits><condiment_milk>.00000</condiment_milk><condiment_meat>.00000</condiment_meat><condiment_soy>.00000</condiment_soy><condiment_drybeans_peas>.00000</condiment_drybeans_peas><condiment_oils>.00000</condiment_oils><condiment_solid_fats>9.45000</condiment_solid_fats><condiment_added_sugars>10.57648</condiment_added_sugars><condiment_alcohol>.00000</condiment_alcohol><condiment_calories>20.70000</condiment_calories><condiment_saturated_fats>.27000</condiment_saturated_fats></lu_Condiment_Food_Row><lu_Condiment_Food_Row><survey_food_code>12310100</survey_food_code><display_name>Sour cream</display_name><condiment_portion_size>2 Tbsp</condiment_portion_size><condiment_portion_code>60597</condiment_portion_code><condiment_grains>.00000</condiment_grains><condiment_whole_grains>.00000</condiment_whole_grains><condiment_vegetables>.00000</condiment_vegetables><condiment_dkgreen>.00000</condiment_dkgreen><condiment_orange>.00000</condiment_orange><condiment_starchy_vegetables>.00000</condiment_starchy_vegetables><condiment_other_vegetables>.00000</condiment_other_vegetables><condiment_fruits>.00000</condiment_fruits><condiment_milk>.00000</condiment_milk><condiment_meat>.00000</condiment_meat><condiment_soy>.00000</condiment_soy><condiment_drybeans_peas>.00000</condiment_drybeans_peas><condiment_oils>.00000</condiment_oils><condiment_solid_fats>54.23400</condiment_solid_fats><condiment_added_sugars>.00000</condiment_added_sugars><condiment_alcohol>.00000</condiment_alcohol><condiment_calories>61.52500</condiment_calories><condiment_saturated_fats>3.75188</condiment_saturated_fats></lu_Condiment_Food_Row><lu_Condiment_Food_Row><survey_food_code>14104010</survey_food_code><display_name>Cheese (cheddar, Swiss)</display_name><condiment_portion_size>1 slice (1 oz)</condiment_portion_size><condiment_portion_code>61937</condiment_portion_code><condiment_grains>.00000</condiment_grains><condiment_whole_grains>.00000</condiment_whole_grains><condiment_vegetables>.00000</condiment_vegetables><condiment_dkgreen>.00000</condiment_dkgreen><condiment_orange>.00000</condiment_orange><condiment_starchy_vegetables>.00000</condiment_starchy_vegetables><condiment_other_vegetables>.00000</condiment_other_vegetables><condiment_fruits>.00000</condiment_fruits><condiment_milk>.66679</condiment_milk><condiment_meat>.00000</condiment_meat><condiment_soy>.00000</condiment_soy><condiment_drybeans_peas>.00000</condiment_drybeans_peas><condiment_oils>.00000</condiment_oils><condiment_solid_fats>83.35751</condiment_solid_fats><condiment_added_sugars>.00000</condiment_added_sugars><condiment_alcohol>.00000</condiment_alcohol><condiment_calories>114.25050</condiment_calories><condiment_saturated_fats>5.97902</condiment_saturated_fats></lu_Condiment_Food_Row><lu_Condiment_Food_Row><survey_food_code>14109030</survey_food_code><display_name>Low fat cheddar or Swiss</display_name><condiment_portion_size>1 slice (1 oz)</condiment_portion_size><condiment_portion_code>61937</condiment_portion_code><condiment_grains>.00000</condiment_grains><condiment_whole_grains>.00000</condiment_whole_grains><condiment_vegetables>.00000</condiment_vegetables><condiment_dkgreen>.00000</condiment_dkgreen><condiment_orange>.00000</condiment_orange><condiment_starchy_vegetables>.00000</condiment_starchy_vegetables><condiment_other_vegetables>.00000</condiment_other_vegetables><condiment_fruits>.00000</condiment_fruits><condiment_milk>.99990</condiment_milk><condiment_meat>.00000</condiment_meat><condiment_soy>.00000</condiment_soy><condiment_drybeans_peas>.00000</condiment_drybeans_peas><condiment_oils>.00000</condiment_oils><condiment_solid_fats>11.21384</condiment_solid_fats><condiment_added_sugars>.00000</condiment_added_sugars><condiment_alcohol>.00000</condiment_alcohol><condiment_calories>50.00000</condiment_calories><condiment_saturated_fats>.92500</condiment_saturated_fats></lu_Condiment_Food_Row><lu_Condiment_Food_Row><survey_food_code>14301010</survey_food_code><display_name>Cream cheese (regular)</display_name><condiment_portion_size>1 Tbsp</condiment_portion_size><condiment_portion_code>21000</condiment_portion_code><condiment_grains>.00000</condiment_grains><condiment_whole_grains>.00000</condiment_whole_grains><condiment_vegetables>.00000</condiment_vegetables><condiment_dkgreen>.00000</condiment_dkgreen><condiment_orange>.00000</condiment_orange><condiment_starchy_vegetables>.00000</condiment_starchy_vegetables><condiment_other_vegetables>.00000</condiment_other_vegetables><condiment_fruits>.00000</condiment_fruits><condiment_milk>.00000</condiment_milk><condiment_meat>.00000</condiment_meat><condiment_soy>.00000</condiment_soy><condiment_drybeans_peas>.00000</condiment_drybeans_peas><condiment_oils>.00000</condiment_oils><condiment_solid_fats>45.50535</condiment_solid_fats><condiment_added_sugars>.00000</condiment_added_sugars><condiment_alcohol>.00000</condiment_alcohol><condiment_calories>50.60500</condiment_calories><condiment_saturated_fats>3.18565</condiment_saturated_fats></lu_Condiment_Food_Row><lu_Condiment_Food_Row><survey_food_code>14303010</survey_food_code><display_name>Low fat cream cheese</display_name><condiment_portion_size>1 Tbsp</condiment_portion_size><condiment_portion_code>21000</condiment_portion_code><condiment_grains>.00000</condiment_grains><condiment_whole_grains>.00000</condiment_whole_grains><condiment_vegetables>.00000</condiment_vegetables><condiment_dkgreen>.00000</condiment_dkgreen><condiment_orange>.00000</condiment_orange><condiment_starchy_vegetables>.00000</condiment_starchy_vegetables><condiment_other_vegetables>.00000</condiment_other_vegetables><condiment_fruits>.00000</condiment_fruits><condiment_milk>.00000</condiment_milk><condiment_meat>.00000</condiment_meat><condiment_soy>.00000</condiment_soy><condiment_drybeans_peas>.00000</condiment_drybeans_peas><condiment_oils>.00000</condiment_oils><condiment_solid_fats>23.76000</condiment_solid_fats><condiment_added_sugars>.00000</condiment_added_sugars><condiment_alcohol>.00000</condiment_alcohol><condiment_calories>34.65000</condiment_calories><condiment_saturated_fats>1.66350</condiment_saturated_fats></lu_Condiment_Food_Row><lu_Condiment_Food_Row><survey_food_code>14420100</survey_food_code><display_name>Cheese spread or dip</display_name><condiment_portion_size>2 Tablespoons</condiment_portion_size><condiment_portion_code>10205</condiment_portion_code><condiment_grains>.00000</condiment_grains><condiment_whole_grains>.00000</condiment_whole_grains><condiment_vegetables>.00000</condiment_vegetables><condiment_dkgreen>.00000</condiment_dkgreen><condiment_orange>.00000</condiment_orange><condiment_starchy_vegetables>.00000</condiment_starchy_vegetables><condiment_other_vegetables>.00000</condiment_other_vegetables><condiment_fruits>.00000</condiment_fruits><condiment_milk>.53802</condiment_milk><condiment_meat>.00000</condiment_meat><condiment_soy>.00000</condiment_soy><condiment_drybeans_peas>.00000</condiment_drybeans_peas><condiment_oils>.00000</condiment_oils><condiment_solid_fats>57.39795</condiment_solid_fats><condiment_added_sugars>3.62887</condiment_added_sugars><condiment_alcohol>.00000</condiment_alcohol><condiment_calories>88.45000</condiment_calories><condiment_saturated_fats>4.06565</condiment_saturated_fats></lu_Condiment_Food_Row><lu_Condiment_Food_Row><survey_food_code>27111410</survey_food_code><display_name>Chili con carne (with beans)</display_name><condiment_portion_size>1/4 cup</condiment_portion_size><condiment_portion_code>10205</condiment_portion_code><condiment_grains>.00000</condiment_grains><condiment_whole_grains>.00000</condiment_whole_grains><condiment_vegetables>.17526</condiment_vegetables><condiment_dkgreen>.00000</condiment_dkgreen><condiment_orange>.00000</condiment_orange><condiment_starchy_vegetables>.00000</condiment_starchy_vegetables><condiment_other_vegetables>.17526</condiment_other_vegetables><condiment_fruits>.00000</condiment_fruits><condiment_milk>.00000</condiment_milk><condiment_meat>.43434</condiment_meat><condiment_soy>.00000</condiment_soy><condiment_drybeans_peas>.07176</condiment_drybeans_peas><condiment_oils>.00000</condiment_oils><condiment_solid_fats>12.64729</condiment_solid_fats><condiment_added_sugars>1.06309</condiment_added_sugars><condiment_alcohol>.00000</condiment_alcohol><condiment_calories>66.04000</condiment_calories><condiment_saturated_fats>.99695</condiment_saturated_fats></lu_Condiment_Food_Row><lu_Condiment_Food_Row><survey_food_code>28500000</survey_food_code><display_name>Chicken gravy</display_name><condiment_portion_size>1/4 cup</condiment_portion_size><condiment_portion_code>10205</condiment_portion_code><condiment_grains>.30048</condiment_grains><condiment_whole_grains>.00000</condiment_whole_grains><condiment_vegetables>.00179</condiment_vegetables><condiment_dkgreen>.00000</condiment_dkgreen><condiment_orange>.00000</condiment_orange><condiment_starchy_vegetables>.00000</condiment_starchy_vegetables><condiment_other_vegetables>.00179</condiment_other_vegetables><condiment_fruits>.00000</condiment_fruits><condiment_milk>.00416</condiment_milk><condiment_meat>.08032</condiment_meat><condiment_soy>.00476</condiment_soy><condiment_drybeans_peas>.00000</condiment_drybeans_peas><condiment_oils>.02367</condiment_oils><condiment_solid_fats>27.35870</condiment_solid_fats><condiment_added_sugars>.08704</condiment_added_sugars><condiment_alcohol>.00000</condiment_alcohol><condiment_calories>47.00500</condiment_calories><condiment_saturated_fats>.83895</condiment_saturated_fats></lu_Condiment_Food_Row><lu_Condiment_Food_Row><survey_food_code>28500000</survey_food_code><display_name>Turkey gravy</display_name><condiment_portion_size>1/4 cup</condiment_portion_size><condiment_portion_code>10205</condiment_portion_code><condiment_grains>.30048</condiment_grains><condiment_whole_grains>.00000</condiment_whole_grains><condiment_vegetables>.00179</condiment_vegetables><condiment_dkgreen>.00000</condiment_dkgreen><condiment_orange>.00000</condiment_orange><condiment_starchy_vegetables>.00000</condiment_starchy_vegetables><condiment_other_vegetables>.00179</condiment_other_vegetables><condiment_fruits>.00000</condiment_fruits><condiment_milk>.00416</condiment_milk><condiment_meat>.08032</condiment_meat><condiment_soy>.00476</condiment_soy><condiment_drybeans_peas>.00000</condiment_drybeans_peas><condiment_oils>.02367</condiment_oils><condiment_solid_fats>27.35870</condiment_solid_fats><condiment_added_sugars>.08704</condiment_added_sugars><condiment_alcohol>.00000</condiment_alcohol><condiment_calories>47.00500</condiment_calories><condiment_saturated_fats>.83895</condiment_saturated_fats></lu_Condiment_Food_Row><lu_Condiment_Food_Row><survey_food_code>28500040</survey_food_code><display_name>Beef gravy </display_name><condiment_portion_size>1/4 cup</condiment_portion_size><condiment_portion_code>10205</condiment_portion_code><condiment_grains>.37164</condiment_grains><condiment_whole_grains>.00000</condiment_whole_grains><condiment_vegetables>.00117</condiment_vegetables><condiment_dkgreen>.00000</condiment_dkgreen><condiment_orange>.00000</condiment_orange><condiment_starchy_vegetables>.00000</condiment_starchy_vegetables><condiment_other_vegetables>.00117</condiment_other_vegetables><condiment_fruits>.00000</condiment_fruits><condiment_milk>.00058</condiment_milk><condiment_meat>.09436</condiment_meat><condiment_soy>.00641</condiment_soy><condiment_drybeans_peas>.00000</condiment_drybeans_peas><condiment_oils>.02019</condiment_oils><condiment_solid_fats>8.61343</condiment_solid_fats><condiment_added_sugars>.00947</condiment_added_sugars><condiment_alcohol>.00000</condiment_alcohol><condiment_calories>30.87250</condiment_calories><condiment_saturated_fats>.66988</condiment_saturated_fats></lu_Condiment_Food_Row><lu_Condiment_Food_Row><survey_food_code>41205070</survey_food_code><display_name>Hummus</display_name><condiment_portion_size>2 Tbsp</condiment_portion_size><condiment_portion_code>21000</condiment_portion_code><condiment_grains>.00000</condiment_grains><condiment_whole_grains>.00000</condiment_whole_grains><condiment_vegetables>.00210</condiment_vegetables><condiment_dkgreen>.00000</condiment_dkgreen><condiment_orange>.00000</condiment_orange><condiment_starchy_vegetables>.00000</condiment_starchy_vegetables><condiment_other_vegetables>.00210</condiment_other_vegetables><condiment_fruits>.01230</condiment_fruits><condiment_milk>.00000</condiment_milk><condiment_meat>.09990</condiment_meat><condiment_soy>.00000</condiment_soy><condiment_drybeans_peas>.14460</condiment_drybeans_peas><condiment_oils>.39227</condiment_oils><condiment_solid_fats>.00000</condiment_solid_fats><condiment_added_sugars>.00000</condiment_added_sugars><condiment_alcohol>.00000</condiment_alcohol><condiment_calories>53.10000</condiment_calories><condiment_saturated_fats>.33600</condiment_saturated_fats></lu_Condiment_Food_Row><lu_Condiment_Food_Row><survey_food_code>56205010</survey_food_code><display_name>White rice, no fat added</display_name><condiment_portion_size>1/2  cup</condiment_portion_size><condiment_portion_code>10043</condiment_portion_code><condiment_grains>1.00014</condiment_grains><condiment_whole_grains>.00000</condiment_whole_grains><condiment_vegetables>.00000</condiment_vegetables><condiment_dkgreen>.00000</condiment_dkgreen><condiment_orange>.00000</condiment_orange><condiment_starchy_vegetables>.00000</condiment_starchy_vegetables><condiment_other_vegetables>.00000</condiment_other_vegetables><condiment_fruits>.00000</condiment_fruits><condiment_milk>.00000</condiment_milk><condiment_meat>.00000</condiment_meat><condiment_soy>.00000</condiment_soy><condiment_drybeans_peas>.00000</condiment_drybeans_peas><condiment_oils>.00000</condiment_oils><condiment_solid_fats>.00000</condiment_solid_fats><condiment_added_sugars>.00000</condiment_added_sugars><condiment_alcohol>.00000</condiment_alcohol><condiment_calories>101.91000</condiment_calories><condiment_saturated_fats>.05530</condiment_saturated_fats></lu_Condiment_Food_Row><lu_Condiment_Food_Row><survey_food_code>56205110</survey_food_code><display_name>Brown rice, no fat added</display_name><condiment_portion_size>1/2  cup</condiment_portion_size><condiment_portion_code>10043</condiment_portion_code><condiment_grains>1.00035</condiment_grains><condiment_whole_grains>1.00035</condiment_whole_grains><condiment_vegetables>.00000</condiment_vegetables><condiment_dkgreen>.00000</condiment_dkgreen><condiment_orange>.00000</condiment_orange><condiment_starchy_vegetables>.00000</condiment_starchy_vegetables><condiment_other_vegetables>.00000</condiment_other_vegetables><condiment_fruits>.00000</condiment_fruits><condiment_milk>.00000</condiment_milk><condiment_meat>.00000</condiment_meat><condiment_soy>.00000</condiment_soy><condiment_drybeans_peas>.00000</condiment_drybeans_peas><condiment_oils>.00000</condiment_oils><condiment_solid_fats>.00000</condiment_solid_fats><condiment_added_sugars>.00000</condiment_added_sugars><condiment_alcohol>.00000</condiment_alcohol><condiment_calories>107.25000</condiment_calories><condiment_saturated_fats>.16575</condiment_saturated_fats></lu_Condiment_Food_Row><lu_Condiment_Food_Row><survey_food_code>58150110</survey_food_code><display_name>Fried rice (plain)</display_name><condiment_portion_size>1/2  cup</condiment_portion_size><condiment_portion_code>10205</condiment_portion_code><condiment_grains>.68309</condiment_grains><condiment_whole_grains>.00000</condiment_whole_grains><condiment_vegetables>.16517</condiment_vegetables><condiment_dkgreen>.00000</condiment_dkgreen><condiment_orange>.00000</condiment_orange><condiment_starchy_vegetables>.04233</condiment_starchy_vegetables><condiment_other_vegetables>.12284</condiment_other_vegetables><condiment_fruits>.00000</condiment_fruits><condiment_milk>.00000</condiment_milk><condiment_meat>.17098</condiment_meat><condiment_soy>.00000</condiment_soy><condiment_drybeans_peas>.00000</condiment_drybeans_peas><condiment_oils>.77670</condiment_oils><condiment_solid_fats>3.60801</condiment_solid_fats><condiment_added_sugars>.00000</condiment_added_sugars><condiment_alcohol>.00000</condiment_alcohol><condiment_calories>125.33000</condiment_calories><condiment_saturated_fats>.75530</condiment_saturated_fats></lu_Condiment_Food_Row><lu_Condiment_Food_Row><survey_food_code>61204010</survey_food_code><display_name>Lemon juice</display_name><condiment_portion_size>1 Tbsp</condiment_portion_size><condiment_portion_code>30000</condiment_portion_code><condiment_grains>.00000</condiment_grains><condiment_whole_grains>.00000</condiment_whole_grains><condiment_vegetables>.00000</condiment_vegetables><condiment_dkgreen>.00000</condiment_dkgreen><condiment_orange>.00000</condiment_orange><condiment_starchy_vegetables>.00000</condiment_starchy_vegetables><condiment_other_vegetables>.00000</condiment_other_vegetables><condiment_fruits>.06253</condiment_fruits><condiment_milk>.00000</condiment_milk><condiment_meat>.00000</condiment_meat><condiment_soy>.00000</condiment_soy><condiment_drybeans_peas>.00000</condiment_drybeans_peas><condiment_oils>.00000</condiment_oils><condiment_solid_fats>.00000</condiment_solid_fats><condiment_added_sugars>.00000</condiment_added_sugars><condiment_alcohol>.00000</condiment_alcohol><condiment_calories>3.81250</condiment_calories><condiment_saturated_fats>.00000</condiment_saturated_fats></lu_Condiment_Food_Row><lu_Condiment_Food_Row><survey_food_code>63101120</survey_food_code><display_name>Applesauce (unsweetened)</display_name><condiment_portion_size>1/4 cup</condiment_portion_size><condiment_portion_code>10149</condiment_portion_code><condiment_grains>.00000</condiment_grains><condiment_whole_grains>.00000</condiment_whole_grains><condiment_vegetables>.00000</condiment_vegetables><condiment_dkgreen>.00000</condiment_dkgreen><condiment_orange>.00000</condiment_orange><condiment_starchy_vegetables>.00000</condiment_starchy_vegetables><condiment_other_vegetables>.00000</condiment_other_vegetables><condiment_fruits>.25010</condiment_fruits><condiment_milk>.00000</condiment_milk><condiment_meat>.00000</condiment_meat><condiment_soy>.00000</condiment_soy><condiment_drybeans_peas>.00000</condiment_drybeans_peas><condiment_oils>.00000</condiment_oils><condiment_solid_fats>.00000</condiment_solid_fats><condiment_added_sugars>.00000</condiment_added_sugars><condiment_alcohol>.00000</condiment_alcohol><condiment_calories>26.23000</condiment_calories><condiment_saturated_fats>.00610</condiment_saturated_fats></lu_Condiment_Food_Row><lu_Condiment_Food_Row><survey_food_code>63409010</survey_food_code><display_name>Guacamole</display_name><condiment_portion_size>1/4 cup</condiment_portion_size><condiment_portion_code>10205</condiment_portion_code><condiment_grains>.00000</condiment_grains><condiment_whole_grains>.00000</condiment_whole_grains><condiment_vegetables>.00291</condiment_vegetables><condiment_dkgreen>.00000</condiment_dkgreen><condiment_orange>.00000</condiment_orange><condiment_starchy_vegetables>.00000</condiment_starchy_vegetables><condiment_other_vegetables>.00291</condiment_other_vegetables><condiment_fruits>.25000</condiment_fruits><condiment_milk>.00000</condiment_milk><condiment_meat>.00000</condiment_meat><condiment_soy>.00000</condiment_soy><condiment_drybeans_peas>.00000</condiment_drybeans_peas><condiment_oils>.00000</condiment_oils><condiment_solid_fats>.00000</condiment_solid_fats><condiment_added_sugars>.00000</condiment_added_sugars><condiment_alcohol>.00000</condiment_alcohol><condiment_calories>91.45250</condiment_calories><condiment_saturated_fats>1.20577</condiment_saturated_fats></lu_Condiment_Food_Row><lu_Condiment_Food_Row><survey_food_code>64401000</survey_food_code><display_name>Vinegar</display_name><condiment_portion_size>1 Tbsp</condiment_portion_size><condiment_portion_code>1025</condiment_portion_code><condiment_grains>.00000</condiment_grains><condiment_whole_grains>.00000</condiment_whole_grains><condiment_vegetables>.00000</condiment_vegetables><condiment_dkgreen>.00000</condiment_dkgreen><condiment_orange>.00000</condiment_orange><condiment_starchy_vegetables>.00000</condiment_starchy_vegetables><condiment_other_vegetables>.00000</condiment_other_vegetables><condiment_fruits>.00000</condiment_fruits><condiment_milk>.00000</condiment_milk><condiment_meat>.00000</condiment_meat><condiment_soy>.00000</condiment_soy><condiment_drybeans_peas>.00000</condiment_drybeans_peas><condiment_oils>.00000</condiment_oils><condiment_solid_fats>.00000</condiment_solid_fats><condiment_added_sugars>.00000</condiment_added_sugars><condiment_alcohol>.00000</condiment_alcohol><condiment_calories>2.01600</condiment_calories><condiment_saturated_fats>.00000</condiment_saturated_fats></lu_Condiment_Food_Row><lu_Condiment_Food_Row><survey_food_code>74101000</survey_food_code><display_name>Tomato (raw)</display_name><condiment_portion_size>1 slice</condiment_portion_size><condiment_portion_code>61400</condiment_portion_code><condiment_grains>.00000</condiment_grains><condiment_whole_grains>.00000</condiment_whole_grains><condiment_vegetables>.11120</condiment_vegetables><condiment_dkgreen>.00000</condiment_dkgreen><condiment_orange>.00000</condiment_orange><condiment_starchy_vegetables>.00000</condiment_starchy_vegetables><condiment_other_vegetables>.11120</condiment_other_vegetables><condiment_fruits>.00000</condiment_fruits><condiment_milk>.00000</condiment_milk><condiment_meat>.00000</condiment_meat><condiment_soy>.00000</condiment_soy><condiment_drybeans_peas>.00000</condiment_drybeans_peas><condiment_oils>.00000</condiment_oils><condiment_solid_fats>.00000</condiment_solid_fats><condiment_added_sugars>.00000</condiment_added_sugars><condiment_alcohol>.00000</condiment_alcohol><condiment_calories>3.60000</condiment_calories><condiment_saturated_fats>.00800</condiment_saturated_fats></lu_Condiment_Food_Row><lu_Condiment_Food_Row><survey_food_code>74303000</survey_food_code><display_name>Ketchup (catsup)</display_name><condiment_portion_size>1 Tbsp</condiment_portion_size><condiment_portion_code>30000</condiment_portion_code><condiment_grains>.00000</condiment_grains><condiment_whole_grains>.00000</condiment_whole_grains><condiment_vegetables>.08490</condiment_vegetables><condiment_dkgreen>.00000</condiment_dkgreen><condiment_orange>.00000</condiment_orange><condiment_starchy_vegetables>.00000</condiment_starchy_vegetables><condiment_other_vegetables>.08490</condiment_other_vegetables><condiment_fruits>.00000</condiment_fruits><condiment_milk>.00000</condiment_milk><condiment_meat>.00000</condiment_meat><condiment_soy>.00000</condiment_soy><condiment_drybeans_peas>.00000</condiment_drybeans_peas><condiment_oils>.00000</condiment_oils><condiment_solid_fats>.00000</condiment_solid_fats><condiment_added_sugars>9.49884</condiment_added_sugars><condiment_alcohol>.00000</condiment_alcohol><condiment_calories>14.25000</condiment_calories><condiment_saturated_fats>.01200</condiment_saturated_fats></lu_Condiment_Food_Row><lu_Condiment_Food_Row><survey_food_code>74402100</survey_food_code><display_name>Salsa</display_name><condiment_portion_size>1 Tbsp</condiment_portion_size><condiment_portion_code>21000</condiment_portion_code><condiment_grains>.00000</condiment_grains><condiment_whole_grains>.00000</condiment_whole_grains><condiment_vegetables>.10608</condiment_vegetables><condiment_dkgreen>.00000</condiment_dkgreen><condiment_orange>.00000</condiment_orange><condiment_starchy_vegetables>.00000</condiment_starchy_vegetables><condiment_other_vegetables>.10608</condiment_other_vegetables><condiment_fruits>.00000</condiment_fruits><condiment_milk>.00000</condiment_milk><condiment_meat>.00000</condiment_meat><condiment_soy>.00000</condiment_soy><condiment_drybeans_peas>.00000</condiment_drybeans_peas><condiment_oils>.00000</condiment_oils><condiment_solid_fats>.00000</condiment_solid_fats><condiment_added_sugars>.00000</condiment_added_sugars><condiment_alcohol>.00000</condiment_alcohol><condiment_calories>4.48000</condiment_calories><condiment_saturated_fats>.00480</condiment_saturated_fats></lu_Condiment_Food_Row><lu_Condiment_Food_Row><survey_food_code>74406010</survey_food_code><display_name>Barbeque sauce</display_name><condiment_portion_size>2 Tablespoons</condiment_portion_size><condiment_portion_code>10205</condiment_portion_code><condiment_grains>.08750</condiment_grains><condiment_whole_grains>.00000</condiment_whole_grains><condiment_vegetables>.00625</condiment_vegetables><condiment_dkgreen>.00000</condiment_dkgreen><condiment_orange>.00000</condiment_orange><condiment_starchy_vegetables>.00000</condiment_starchy_vegetables><condiment_other_vegetables>.00625</condiment_other_vegetables><condiment_fruits>.00000</condiment_fruits><condiment_milk>.00000</condiment_milk><condiment_meat>.00000</condiment_meat><condiment_soy>.00000</condiment_soy><condiment_drybeans_peas>.00000</condiment_drybeans_peas><condiment_oils>.00069</condiment_oils><condiment_solid_fats>.00000</condiment_solid_fats><condiment_added_sugars>5.19112</condiment_added_sugars><condiment_alcohol>.00000</condiment_alcohol><condiment_calories>23.43750</condiment_calories><condiment_saturated_fats>.08438</condiment_saturated_fats></lu_Condiment_Food_Row><lu_Condiment_Food_Row><survey_food_code>74406100</survey_food_code><display_name>Steak sauce (A-1)</display_name><condiment_portion_size>1 Tbsp</condiment_portion_size><condiment_portion_code>21000</condiment_portion_code><condiment_grains>.00000</condiment_grains><condiment_whole_grains>.00000</condiment_whole_grains><condiment_vegetables>.04864</condiment_vegetables><condiment_dkgreen>.00000</condiment_dkgreen><condiment_orange>.00000</condiment_orange><condiment_starchy_vegetables>.00000</condiment_starchy_vegetables><condiment_other_vegetables>.04864</condiment_other_vegetables><condiment_fruits>.00688</condiment_fruits><condiment_milk>.00000</condiment_milk><condiment_meat>.00000</condiment_meat><condiment_soy>.00000</condiment_soy><condiment_drybeans_peas>.00000</condiment_drybeans_peas><condiment_oils>.00021</condiment_oils><condiment_solid_fats>.00000</condiment_solid_fats><condiment_added_sugars>3.07136</condiment_added_sugars><condiment_alcohol>.00000</condiment_alcohol><condiment_calories>9.76000</condiment_calories><condiment_saturated_fats>.00640</condiment_saturated_fats></lu_Condiment_Food_Row><lu_Condiment_Food_Row><survey_food_code>74406500</survey_food_code><display_name>Cocktail sauce</display_name><condiment_portion_size>2 Tablespoons</condiment_portion_size><condiment_portion_code>10205</condiment_portion_code><condiment_grains>.00000</condiment_grains><condiment_whole_grains>.00000</condiment_whole_grains><condiment_vegetables>.12500</condiment_vegetables><condiment_dkgreen>.00000</condiment_dkgreen><condiment_orange>.00000</condiment_orange><condiment_starchy_vegetables>.00000</condiment_starchy_vegetables><condiment_other_vegetables>.12500</condiment_other_vegetables><condiment_fruits>.01297</condiment_fruits><condiment_milk>.00000</condiment_milk><condiment_meat>.00000</condiment_meat><condiment_soy>.00000</condiment_soy><condiment_drybeans_peas>.00000</condiment_drybeans_peas><condiment_oils>.00000</condiment_oils><condiment_solid_fats>.00000</condiment_solid_fats><condiment_added_sugars>15.65827</condiment_added_sugars><condiment_alcohol>.00000</condiment_alcohol><condiment_calories>27.30000</condiment_calories><condiment_saturated_fats>.02389</condiment_saturated_fats></lu_Condiment_Food_Row><lu_Condiment_Food_Row><survey_food_code>75113000</survey_food_code><display_name>Lettuce  </display_name><condiment_portion_size>1 leaf</condiment_portion_size><condiment_portion_code>61362</condiment_portion_code><condiment_grains>.00000</condiment_grains><condiment_whole_grains>.00000</condiment_whole_grains><condiment_vegetables>.07272</condiment_vegetables><condiment_dkgreen>.00000</condiment_dkgreen><condiment_orange>.00000</condiment_orange><condiment_starchy_vegetables>.00000</condiment_starchy_vegetables><condiment_other_vegetables>.07272</condiment_other_vegetables><condiment_fruits>.00000</condiment_fruits><condiment_milk>.00000</condiment_milk><condiment_meat>.00000</condiment_meat><condiment_soy>.00000</condiment_soy><condiment_drybeans_peas>.00000</condiment_drybeans_peas><condiment_oils>.00000</condiment_oils><condiment_solid_fats>.00000</condiment_solid_fats><condiment_added_sugars>.00000</condiment_added_sugars><condiment_alcohol>.00000</condiment_alcohol><condiment_calories>.80000</condiment_calories><condiment_saturated_fats>.00080</condiment_saturated_fats></lu_Condiment_Food_Row><lu_Condiment_Food_Row><survey_food_code>75230010</survey_food_code><display_name>Sauerkraut (no fat added)</display_name><condiment_portion_size>1/4 cup</condiment_portion_size><condiment_portion_code>10205</condiment_portion_code><condiment_grains>.00000</condiment_grains><condiment_whole_grains>.00000</condiment_whole_grains><condiment_vegetables>.24992</condiment_vegetables><condiment_dkgreen>.00000</condiment_dkgreen><condiment_orange>.00000</condiment_orange><condiment_starchy_vegetables>.00000</condiment_starchy_vegetables><condiment_other_vegetables>.24992</condiment_other_vegetables><condiment_fruits>.00000</condiment_fruits><condiment_milk>.00000</condiment_milk><condiment_meat>.00000</condiment_meat><condiment_soy>.00000</condiment_soy><condiment_drybeans_peas>.00000</condiment_drybeans_peas><condiment_oils>.00000</condiment_oils><condiment_solid_fats>.00000</condiment_solid_fats><condiment_added_sugars>.00000</condiment_added_sugars><condiment_alcohol>.00000</condiment_alcohol><condiment_calories>6.74500</condiment_calories><condiment_saturated_fats>.01420</condiment_saturated_fats></lu_Condiment_Food_Row><lu_Condiment_Food_Row><survey_food_code>75503020</survey_food_code><display_name>Pickle relish</display_name><condiment_portion_size>2 tsp</condiment_portion_size><condiment_portion_code>61579</condiment_portion_code><condiment_grains>.00000</condiment_grains><condiment_whole_grains>.00000</condiment_whole_grains><condiment_vegetables>.04080</condiment_vegetables><condiment_dkgreen>.00000</condiment_dkgreen><condiment_orange>.00000</condiment_orange><condiment_starchy_vegetables>.00000</condiment_starchy_vegetables><condiment_other_vegetables>.04080</condiment_other_vegetables><condiment_fruits>.00000</condiment_fruits><condiment_milk>.00000</condiment_milk><condiment_meat>.00000</condiment_meat><condiment_soy>.00000</condiment_soy><condiment_drybeans_peas>.00000</condiment_drybeans_peas><condiment_oils>.00000</condiment_oils><condiment_solid_fats>.00000</condiment_solid_fats><condiment_added_sugars>1.31657</condiment_added_sugars><condiment_alcohol>.00000</condiment_alcohol><condiment_calories>13.00000</condiment_calories><condiment_saturated_fats>.00600</condiment_saturated_fats></lu_Condiment_Food_Row><lu_Condiment_Food_Row><survey_food_code>75506010</survey_food_code><display_name>Mustard</display_name><condiment_portion_size>1 tsp</condiment_portion_size><condiment_portion_code>22000</condiment_portion_code><condiment_grains>.00000</condiment_grains><condiment_whole_grains>.00000</condiment_whole_grains><condiment_vegetables>.00000</condiment_vegetables><condiment_dkgreen>.00000</condiment_dkgreen><condiment_orange>.00000</condiment_orange><condiment_starchy_vegetables>.00000</condiment_starchy_vegetables><condiment_other_vegetables>.00000</condiment_other_vegetables><condiment_fruits>.00000</condiment_fruits><condiment_milk>.00000</condiment_milk><condiment_meat>.00000</condiment_meat><condiment_soy>.00000</condiment_soy><condiment_drybeans_peas>.00000</condiment_drybeans_peas><condiment_oils>.00000</condiment_oils><condiment_solid_fats>.00000</condiment_solid_fats><condiment_added_sugars>.00000</condiment_added_sugars><condiment_alcohol>.00000</condiment_alcohol><condiment_calories>3.30000</condiment_calories><condiment_saturated_fats>.00800</condiment_saturated_fats></lu_Condiment_Food_Row><lu_Condiment_Food_Row><survey_food_code>81101000</survey_food_code><display_name>Butter</display_name><condiment_portion_size>1 tsp</condiment_portion_size><condiment_portion_code>61632</condiment_portion_code><condiment_grains>.00000</condiment_grains><condiment_whole_grains>.00000</condiment_whole_grains><condiment_vegetables>.00000</condiment_vegetables><condiment_dkgreen>.00000</condiment_dkgreen><condiment_orange>.00000</condiment_orange><condiment_starchy_vegetables>.00000</condiment_starchy_vegetables><condiment_other_vegetables>.00000</condiment_other_vegetables><condiment_fruits>.00000</condiment_fruits><condiment_milk>.00000</condiment_milk><condiment_meat>.00000</condiment_meat><condiment_soy>.00000</condiment_soy><condiment_drybeans_peas>.00000</condiment_drybeans_peas><condiment_oils>.00000</condiment_oils><condiment_solid_fats>35.85000</condiment_solid_fats><condiment_added_sugars>.00000</condiment_added_sugars><condiment_alcohol>.00000</condiment_alcohol><condiment_calories>35.85000</condiment_calories><condiment_saturated_fats>2.56850</condiment_saturated_fats></lu_Condiment_Food_Row><lu_Condiment_Food_Row><survey_food_code>81102020</survey_food_code><display_name>Tub margraine</display_name><condiment_portion_size>1 tsp</condiment_portion_size><condiment_portion_code>21000</condiment_portion_code><condiment_grains>.00000</condiment_grains><condiment_whole_grains>.00000</condiment_whole_grains><condiment_vegetables>.00000</condiment_vegetables><condiment_dkgreen>.00000</condiment_dkgreen><condiment_orange>.00000</condiment_orange><condiment_starchy_vegetables>.00000</condiment_starchy_vegetables><condiment_other_vegetables>.00000</condiment_other_vegetables><condiment_fruits>.00000</condiment_fruits><condiment_milk>.00000</condiment_milk><condiment_meat>.00000</condiment_meat><condiment_soy>.00000</condiment_soy><condiment_drybeans_peas>.00000</condiment_drybeans_peas><condiment_oils>.83723</condiment_oils><condiment_solid_fats>.00000</condiment_solid_fats><condiment_added_sugars>.00000</condiment_added_sugars><condiment_alcohol>.00000</condiment_alcohol><condiment_calories>33.55176</condiment_calories><condiment_saturated_fats>.60777</condiment_saturated_fats></lu_Condiment_Food_Row><lu_Condiment_Food_Row><survey_food_code>81104010</survey_food_code><display_name>Reduced calorie spread (margarine type)</display_name><condiment_portion_size>1 tsp</condiment_portion_size><condiment_portion_code>61631</condiment_portion_code><condiment_grains>.00000</condiment_grains><condiment_whole_grains>.00000</condiment_whole_grains><condiment_vegetables>.00000</condiment_vegetables><condiment_dkgreen>.00000</condiment_dkgreen><condiment_orange>.00000</condiment_orange><condiment_starchy_vegetables>.00000</condiment_starchy_vegetables><condiment_other_vegetables>.00000</condiment_other_vegetables><condiment_fruits>.00000</condiment_fruits><condiment_milk>.00000</condiment_milk><condiment_meat>.00000</condiment_meat><condiment_soy>.00000</condiment_soy><condiment_drybeans_peas>.00000</condiment_drybeans_peas><condiment_oils>.43111</condiment_oils><condiment_solid_fats>.00000</condiment_solid_fats><condiment_added_sugars>.00000</condiment_added_sugars><condiment_alcohol>.00000</condiment_alcohol><condiment_calories>17.25000</condiment_calories><condiment_saturated_fats>.38500</condiment_saturated_fats></lu_Condiment_Food_Row><lu_Condiment_Food_Row><survey_food_code>81302050</survey_food_code><display_name>Tartar sauce</display_name><condiment_portion_size>1 Tbsp</condiment_portion_size><condiment_portion_code>21000</condiment_portion_code><condiment_grains>.01771</condiment_grains><condiment_whole_grains>.00000</condiment_whole_grains><condiment_vegetables>.00734</condiment_vegetables><condiment_dkgreen>.00000</condiment_dkgreen><condiment_orange>.00000</condiment_orange><condiment_starchy_vegetables>.00000</condiment_starchy_vegetables><condiment_other_vegetables>.00734</condiment_other_vegetables><condiment_fruits>.00000</condiment_fruits><condiment_milk>.00000</condiment_milk><condiment_meat>.01541</condiment_meat><condiment_soy>.00000</condiment_soy><condiment_drybeans_peas>.00000</condiment_drybeans_peas><condiment_oils>1.59626</condiment_oils><condiment_solid_fats>.54043</condiment_solid_fats><condiment_added_sugars>1.45116</condiment_added_sugars><condiment_alcohol>.00000</condiment_alcohol><condiment_calories>74.30400</condiment_calories><condiment_saturated_fats>1.10880</condiment_saturated_fats></lu_Condiment_Food_Row><lu_Condiment_Food_Row><survey_food_code>81302060</survey_food_code><display_name>Horseradish sauce</display_name><condiment_portion_size>1 Tbsp</condiment_portion_size><condiment_portion_code>21000</condiment_portion_code><condiment_grains>.00000</condiment_grains><condiment_whole_grains>.00000</condiment_whole_grains><condiment_vegetables>.00056</condiment_vegetables><condiment_dkgreen>.00000</condiment_dkgreen><condiment_orange>.00000</condiment_orange><condiment_starchy_vegetables>.00000</condiment_starchy_vegetables><condiment_other_vegetables>.00056</condiment_other_vegetables><condiment_fruits>.00000</condiment_fruits><condiment_milk>.00000</condiment_milk><condiment_meat>.00000</condiment_meat><condiment_soy>.00000</condiment_soy><condiment_drybeans_peas>.00000</condiment_drybeans_peas><condiment_oils>.00000</condiment_oils><condiment_solid_fats>25.67880</condiment_solid_fats><condiment_added_sugars>.00000</condiment_added_sugars><condiment_alcohol>.00000</condiment_alcohol><condiment_calories>29.26000</condiment_calories><condiment_saturated_fats>1.77660</condiment_saturated_fats></lu_Condiment_Food_Row><lu_Condiment_Food_Row><survey_food_code>82101000</survey_food_code><display_name>Vegetable oil</display_name><condiment_portion_size>1 tsp</condiment_portion_size><condiment_portion_code>21000</condiment_portion_code><condiment_grains>.00000</condiment_grains><condiment_whole_grains>.00000</condiment_whole_grains><condiment_vegetables>.00000</condiment_vegetables><condiment_dkgreen>.00000</condiment_dkgreen><condiment_orange>.00000</condiment_orange><condiment_starchy_vegetables>.00000</condiment_starchy_vegetables><condiment_other_vegetables>.00000</condiment_other_vegetables><condiment_fruits>.00000</condiment_fruits><condiment_milk>.00000</condiment_milk><condiment_meat>.00000</condiment_meat><condiment_soy>.00000</condiment_soy><condiment_drybeans_peas>.00000</condiment_drybeans_peas><condiment_oils>1.00000</condiment_oils><condiment_solid_fats>.00000</condiment_solid_fats><condiment_added_sugars>.00000</condiment_added_sugars><condiment_alcohol>.00000</condiment_alcohol><condiment_calories>40.00000</condiment_calories><condiment_saturated_fats>.57000</condiment_saturated_fats></lu_Condiment_Food_Row><lu_Condiment_Food_Row><survey_food_code>83101000</survey_food_code><display_name>Blue cheese dressing</display_name><condiment_portion_size>1 Tbsp</condiment_portion_size><condiment_portion_code>21000</condiment_portion_code><condiment_grains>.00000</condiment_grains><condiment_whole_grains>.00000</condiment_whole_grains><condiment_vegetables>.00000</condiment_vegetables><condiment_dkgreen>.00000</condiment_dkgreen><condiment_orange>.00000</condiment_orange><condiment_starchy_vegetables>.00000</condiment_starchy_vegetables><condiment_other_vegetables>.00000</condiment_other_vegetables><condiment_fruits>.00000</condiment_fruits><condiment_milk>.03106</condiment_milk><condiment_meat>.03519</condiment_meat><condiment_soy>.00000</condiment_soy><condiment_drybeans_peas>.00000</condiment_drybeans_peas><condiment_oils>1.56036</condiment_oils><condiment_solid_fats>7.87506</condiment_solid_fats><condiment_added_sugars>1.28571</condiment_added_sugars><condiment_alcohol>.00000</condiment_alcohol><condiment_calories>77.11200</condiment_calories><condiment_saturated_fats>1.51470</condiment_saturated_fats></lu_Condiment_Food_Row><lu_Condiment_Food_Row><survey_food_code>83104000</survey_food_code><display_name>French dressing</display_name><condiment_portion_size>1 Tbsp</condiment_portion_size><condiment_portion_code>21000</condiment_portion_code><condiment_grains>.00000</condiment_grains><condiment_whole_grains>.00000</condiment_whole_grains><condiment_vegetables>.00406</condiment_vegetables><condiment_dkgreen>.00000</condiment_dkgreen><condiment_orange>.00000</condiment_orange><condiment_starchy_vegetables>.00000</condiment_starchy_vegetables><condiment_other_vegetables>.00406</condiment_other_vegetables><condiment_fruits>.00000</condiment_fruits><condiment_milk>.00000</condiment_milk><condiment_meat>.00000</condiment_meat><condiment_soy>.00000</condiment_soy><condiment_drybeans_peas>.00000</condiment_drybeans_peas><condiment_oils>1.55220</condiment_oils><condiment_solid_fats>.00000</condiment_solid_fats><condiment_added_sugars>8.38784</condiment_added_sugars><condiment_alcohol>.00000</condiment_alcohol><condiment_calories>71.29200</condiment_calories><condiment_saturated_fats>.88140</condiment_saturated_fats></lu_Condiment_Food_Row><lu_Condiment_Food_Row><survey_food_code>83106000</survey_food_code><display_name>Italian dressing (oil and vinegar)</display_name><condiment_portion_size>1 Tbsp</condiment_portion_size><condiment_portion_code>21000</condiment_portion_code><condiment_grains>.00000</condiment_grains><condiment_whole_grains>.00000</condiment_whole_grains><condiment_vegetables>.00000</condiment_vegetables><condiment_dkgreen>.00000</condiment_dkgreen><condiment_orange>.00000</condiment_orange><condiment_starchy_vegetables>.00000</condiment_starchy_vegetables><condiment_other_vegetables>.00000</condiment_other_vegetables><condiment_fruits>.00000</condiment_fruits><condiment_milk>.00000</condiment_milk><condiment_meat>.00000</condiment_meat><condiment_soy>.00000</condiment_soy><condiment_drybeans_peas>.00000</condiment_drybeans_peas><condiment_oils>.92617</condiment_oils><condiment_solid_fats>.00000</condiment_solid_fats><condiment_added_sugars>4.33665</condiment_added_sugars><condiment_alcohol>.00000</condiment_alcohol><condiment_calories>42.77700</condiment_calories><condiment_saturated_fats>.65709</condiment_saturated_fats></lu_Condiment_Food_Row><lu_Condiment_Food_Row><survey_food_code>83107000</survey_food_code><display_name>Mayonnaise (regular)</display_name><condiment_portion_size>1 Tbsp</condiment_portion_size><condiment_portion_code>21000</condiment_portion_code><condiment_grains>.00000</condiment_grains><condiment_whole_grains>.00000</condiment_whole_grains><condiment_vegetables>.00000</condiment_vegetables><condiment_dkgreen>.00000</condiment_dkgreen><condiment_orange>.00000</condiment_orange><condiment_starchy_vegetables>.00000</condiment_starchy_vegetables><condiment_other_vegetables>.00000</condiment_other_vegetables><condiment_fruits>.00000</condiment_fruits><condiment_milk>.00000</condiment_milk><condiment_meat>.02346</condiment_meat><condiment_soy>.00000</condiment_soy><condiment_drybeans_peas>.00000</condiment_drybeans_peas><condiment_oils>2.37130</condiment_oils><condiment_solid_fats>.53033</condiment_solid_fats><condiment_added_sugars>.00673</condiment_added_sugars><condiment_alcohol>.00000</condiment_alcohol><condiment_calories>98.94600</condiment_calories><condiment_saturated_fats>1.63944</condiment_saturated_fats></lu_Condiment_Food_Row><lu_Condiment_Food_Row><survey_food_code>83110000</survey_food_code><display_name>Miracle whip salad dressing</display_name><condiment_portion_size>1 Tbsp</condiment_portion_size><condiment_portion_code>21000</condiment_portion_code><condiment_grains>.03793</condiment_grains><condiment_whole_grains>.00000</condiment_whole_grains><condiment_vegetables>.00000</condiment_vegetables><condiment_dkgreen>.00000</condiment_dkgreen><condiment_orange>.00000</condiment_orange><condiment_starchy_vegetables>.00000</condiment_starchy_vegetables><condiment_other_vegetables>.00000</condiment_other_vegetables><condiment_fruits>.00000</condiment_fruits><condiment_milk>.00000</condiment_milk><condiment_meat>.00956</condiment_meat><condiment_soy>.00000</condiment_soy><condiment_drybeans_peas>.00000</condiment_drybeans_peas><condiment_oils>1.05647</condiment_oils><condiment_solid_fats>.62975</condiment_solid_fats><condiment_added_sugars>2.93650</condiment_added_sugars><condiment_alcohol>.00000</condiment_alcohol><condiment_calories>57.33000</condiment_calories><condiment_saturated_fats>.72030</condiment_saturated_fats></lu_Condiment_Food_Row><lu_Condiment_Food_Row><survey_food_code>83112500</survey_food_code><display_name>Creamy dressing (ranch)</display_name><condiment_portion_size>1 Tbsp</condiment_portion_size><condiment_portion_code>21000</condiment_portion_code><condiment_grains>.00000</condiment_grains><condiment_whole_grains>.00000</condiment_whole_grains><condiment_vegetables>.00191</condiment_vegetables><condiment_dkgreen>.00000</condiment_dkgreen><condiment_orange>.00000</condiment_orange><condiment_starchy_vegetables>.00000</condiment_starchy_vegetables><condiment_other_vegetables>.00191</condiment_other_vegetables><condiment_fruits>.00000</condiment_fruits><condiment_milk>.00000</condiment_milk><condiment_meat>.00000</condiment_meat><condiment_soy>.00000</condiment_soy><condiment_drybeans_peas>.00000</condiment_drybeans_peas><condiment_oils>1.64970</condiment_oils><condiment_solid_fats>2.80079</condiment_solid_fats><condiment_added_sugars>2.30093</condiment_added_sugars><condiment_alcohol>.00000</condiment_alcohol><condiment_calories>71.44200</condiment_calories><condiment_saturated_fats>1.12455</condiment_saturated_fats></lu_Condiment_Food_Row><lu_Condiment_Food_Row><survey_food_code>83200100</survey_food_code><display_name>Low-calorie salad dressing </display_name><condiment_portion_size>1 Tbsp</condiment_portion_size><condiment_portion_code>21000</condiment_portion_code><condiment_grains>.00000</condiment_grains><condiment_whole_grains>.00000</condiment_whole_grains><condiment_vegetables>.00875</condiment_vegetables><condiment_dkgreen>.00000</condiment_dkgreen><condiment_orange>.00000</condiment_orange><condiment_starchy_vegetables>.00000</condiment_starchy_vegetables><condiment_other_vegetables>.00875</condiment_other_vegetables><condiment_fruits>.00000</condiment_fruits><condiment_milk>.00065</condiment_milk><condiment_meat>.00081</condiment_meat><condiment_soy>.00000</condiment_soy><condiment_drybeans_peas>.00000</condiment_drybeans_peas><condiment_oils>.35240</condiment_oils><condiment_solid_fats>.16767</condiment_solid_fats><condiment_added_sugars>4.98982</condiment_added_sugars><condiment_alcohol>.00000</condiment_alcohol><condiment_calories>23.81400</condiment_calories><condiment_saturated_fats>.12960</condiment_saturated_fats></lu_Condiment_Food_Row><lu_Condiment_Food_Row><survey_food_code>83203250</survey_food_code><display_name>Fat-free mayonnaise-type dressing</display_name><condiment_portion_size>1 Tbsp</condiment_portion_size><condiment_portion_code>21000</condiment_portion_code><condiment_grains>.07520</condiment_grains><condiment_whole_grains>.00000</condiment_whole_grains><condiment_vegetables>.00000</condiment_vegetables><condiment_dkgreen>.00000</condiment_dkgreen><condiment_orange>.00000</condiment_orange><condiment_starchy_vegetables>.00000</condiment_starchy_vegetables><condiment_other_vegetables>.00000</condiment_other_vegetables><condiment_fruits>.00000</condiment_fruits><condiment_milk>.00000</condiment_milk><condiment_meat>.00000</condiment_meat><condiment_soy>.00000</condiment_soy><condiment_drybeans_peas>.00000</condiment_drybeans_peas><condiment_oils>.00000</condiment_oils><condiment_solid_fats>3.88368</condiment_solid_fats><condiment_added_sugars>6.20253</condiment_added_sugars><condiment_alcohol>.00000</condiment_alcohol><condiment_calories>13.44000</condiment_calories><condiment_saturated_fats>.09600</condiment_saturated_fats></lu_Condiment_Food_Row><lu_Condiment_Food_Row><survey_food_code>83204000</survey_food_code><display_name>Low calorie mayonnaise</display_name><condiment_portion_size>1 Tbsp</condiment_portion_size><condiment_portion_code>21000</condiment_portion_code><condiment_grains>.10015</condiment_grains><condiment_whole_grains>.00000</condiment_whole_grains><condiment_vegetables>.00000</condiment_vegetables><condiment_dkgreen>.00000</condiment_dkgreen><condiment_orange>.00000</condiment_orange><condiment_starchy_vegetables>.00000</condiment_starchy_vegetables><condiment_other_vegetables>.00000</condiment_other_vegetables><condiment_fruits>.00078</condiment_fruits><condiment_milk>.00000</condiment_milk><condiment_meat>.00203</condiment_meat><condiment_soy>.00000</condiment_soy><condiment_drybeans_peas>.00000</condiment_drybeans_peas><condiment_oils>.65277</condiment_oils><condiment_solid_fats>.19796</condiment_solid_fats><condiment_added_sugars>3.42056</condiment_added_sugars><condiment_alcohol>.00000</condiment_alcohol><condiment_calories>36.19200</condiment_calories><condiment_saturated_fats>.51480</condiment_saturated_fats></lu_Condiment_Food_Row><lu_Condiment_Food_Row><survey_food_code>91101010</survey_food_code><display_name>White sugar (granulated or lump)</display_name><condiment_portion_size>1 tsp</condiment_portion_size><condiment_portion_code>22000</condiment_portion_code><condiment_grains>.00000</condiment_grains><condiment_whole_grains>.00000</condiment_whole_grains><condiment_vegetables>.00000</condiment_vegetables><condiment_dkgreen>.00000</condiment_dkgreen><condiment_orange>.00000</condiment_orange><condiment_starchy_vegetables>.00000</condiment_starchy_vegetables><condiment_other_vegetables>.00000</condiment_other_vegetables><condiment_fruits>.00000</condiment_fruits><condiment_milk>.00000</condiment_milk><condiment_meat>.00000</condiment_meat><condiment_soy>.00000</condiment_soy><condiment_drybeans_peas>.00000</condiment_drybeans_peas><condiment_oils>.00000</condiment_oils><condiment_solid_fats>.00000</condiment_solid_fats><condiment_added_sugars>16.25400</condiment_added_sugars><condiment_alcohol>.00000</condiment_alcohol><condiment_calories>16.25400</condiment_calories><condiment_saturated_fats>.00000</condiment_saturated_fats></lu_Condiment_Food_Row><lu_Condiment_Food_Row><survey_food_code>91101020</survey_food_code><display_name>Powdered sugar (confectioner&apos;s sugar)</display_name><condiment_portion_size>1 tsp</condiment_portion_size><condiment_portion_code>22000</condiment_portion_code><condiment_grains>.00000</condiment_grains><condiment_whole_grains>.00000</condiment_whole_grains><condiment_vegetables>.00000</condiment_vegetables><condiment_dkgreen>.00000</condiment_dkgreen><condiment_orange>.00000</condiment_orange><condiment_starchy_vegetables>.00000</condiment_starchy_vegetables><condiment_other_vegetables>.00000</condiment_other_vegetables><condiment_fruits>.00000</condiment_fruits><condiment_milk>.00000</condiment_milk><condiment_meat>.00000</condiment_meat><condiment_soy>.00000</condiment_soy><condiment_drybeans_peas>.00000</condiment_drybeans_peas><condiment_oils>.00000</condiment_oils><condiment_solid_fats>.00000</condiment_solid_fats><condiment_added_sugars>9.48177</condiment_added_sugars><condiment_alcohol>.00000</condiment_alcohol><condiment_calories>9.72500</condiment_calories><condiment_saturated_fats>.00050</condiment_saturated_fats></lu_Condiment_Food_Row><lu_Condiment_Food_Row><survey_food_code>91102010</survey_food_code><display_name>Brown sugar</display_name><condiment_portion_size>1 tsp</condiment_portion_size><condiment_portion_code>22000</condiment_portion_code><condiment_grains>.00000</condiment_grains><condiment_whole_grains>.00000</condiment_whole_grains><condiment_vegetables>.00000</condiment_vegetables><condiment_dkgreen>.00000</condiment_dkgreen><condiment_orange>.00000</condiment_orange><condiment_starchy_vegetables>.00000</condiment_starchy_vegetables><condiment_other_vegetables>.00000</condiment_other_vegetables><condiment_fruits>.00000</condiment_fruits><condiment_milk>.00000</condiment_milk><condiment_meat>.00000</condiment_meat><condiment_soy>.00000</condiment_soy><condiment_drybeans_peas>.00000</condiment_drybeans_peas><condiment_oils>.00000</condiment_oils><condiment_solid_fats>.00000</condiment_solid_fats><condiment_added_sugars>17.14365</condiment_added_sugars><condiment_alcohol>.00000</condiment_alcohol><condiment_calories>17.34200</condiment_calories><condiment_saturated_fats>.00000</condiment_saturated_fats></lu_Condiment_Food_Row><lu_Condiment_Food_Row><survey_food_code>91300010</survey_food_code><display_name>Syrup (regular)</display_name><condiment_portion_size>1 Tbsp</condiment_portion_size><condiment_portion_code>21000</condiment_portion_code><condiment_grains>.00000</condiment_grains><condiment_whole_grains>.00000</condiment_whole_grains><condiment_vegetables>.00000</condiment_vegetables><condiment_dkgreen>.00000</condiment_dkgreen><condiment_orange>.00000</condiment_orange><condiment_starchy_vegetables>.00000</condiment_starchy_vegetables><condiment_other_vegetables>.00000</condiment_other_vegetables><condiment_fruits>.00000</condiment_fruits><condiment_milk>.00000</condiment_milk><condiment_meat>.00000</condiment_meat><condiment_soy>.00000</condiment_soy><condiment_drybeans_peas>.00000</condiment_drybeans_peas><condiment_oils>.00444</condiment_oils><condiment_solid_fats>.00000</condiment_solid_fats><condiment_added_sugars>49.47393</condiment_added_sugars><condiment_alcohol>.00000</condiment_alcohol><condiment_calories>53.00000</condiment_calories><condiment_saturated_fats>.00400</condiment_saturated_fats></lu_Condiment_Food_Row><lu_Condiment_Food_Row><survey_food_code>91302010</survey_food_code><display_name>Honey</display_name><condiment_portion_size>1 Tbsp</condiment_portion_size><condiment_portion_code>21000</condiment_portion_code><condiment_grains>.00000</condiment_grains><condiment_whole_grains>.00000</condiment_whole_grains><condiment_vegetables>.00000</condiment_vegetables><condiment_dkgreen>.00000</condiment_dkgreen><condiment_orange>.00000</condiment_orange><condiment_starchy_vegetables>.00000</condiment_starchy_vegetables><condiment_other_vegetables>.00000</condiment_other_vegetables><condiment_fruits>.00000</condiment_fruits><condiment_milk>.00000</condiment_milk><condiment_meat>.00000</condiment_meat><condiment_soy>.00000</condiment_soy><condiment_drybeans_peas>.00000</condiment_drybeans_peas><condiment_oils>.00000</condiment_oils><condiment_solid_fats>.00000</condiment_solid_fats><condiment_added_sugars>63.84000</condiment_added_sugars><condiment_alcohol>.00000</condiment_alcohol><condiment_calories>63.84000</condiment_calories><condiment_saturated_fats>.00000</condiment_saturated_fats></lu_Condiment_Food_Row><lu_Condiment_Food_Row><survey_food_code>91361010</survey_food_code><display_name>Sweet and sour sauce</display_name><condiment_portion_size>1 Tbsp</condiment_portion_size><condiment_portion_code>21000</condiment_portion_code><condiment_grains>.06570</condiment_grains><condiment_whole_grains>.00000</condiment_whole_grains><condiment_vegetables>.00000</condiment_vegetables><condiment_dkgreen>.00000</condiment_dkgreen><condiment_orange>.00000</condiment_orange><condiment_starchy_vegetables>.00000</condiment_starchy_vegetables><condiment_other_vegetables>.00000</condiment_other_vegetables><condiment_fruits>.00000</condiment_fruits><condiment_milk>.00000</condiment_milk><condiment_meat>.00000</condiment_meat><condiment_soy>.00000</condiment_soy><condiment_drybeans_peas>.00000</condiment_drybeans_peas><condiment_oils>.00000</condiment_oils><condiment_solid_fats>.00000</condiment_solid_fats><condiment_added_sugars>10.09130</condiment_added_sugars><condiment_alcohol>.00000</condiment_alcohol><condiment_calories>14.10000</condiment_calories><condiment_saturated_fats>.00015</condiment_saturated_fats></lu_Condiment_Food_Row><lu_Condiment_Food_Row><survey_food_code>91401000</survey_food_code><display_name>Jelly (all flavors)</display_name><condiment_portion_size>1 Tbsp</condiment_portion_size><condiment_portion_code>21000</condiment_portion_code><condiment_grains>.00000</condiment_grains><condiment_whole_grains>.00000</condiment_whole_grains><condiment_vegetables>.00000</condiment_vegetables><condiment_dkgreen>.00000</condiment_dkgreen><condiment_orange>.00000</condiment_orange><condiment_starchy_vegetables>.00000</condiment_starchy_vegetables><condiment_other_vegetables>.00000</condiment_other_vegetables><condiment_fruits>.02432</condiment_fruits><condiment_milk>.00000</condiment_milk><condiment_meat>.00000</condiment_meat><condiment_soy>.00000</condiment_soy><condiment_drybeans_peas>.00000</condiment_drybeans_peas><condiment_oils>.00000</condiment_oils><condiment_solid_fats>.00000</condiment_solid_fats><condiment_added_sugars>27.46698</condiment_added_sugars><condiment_alcohol>.00000</condiment_alcohol><condiment_calories>50.54000</condiment_calories><condiment_saturated_fats>.00190</condiment_saturated_fats></lu_Condiment_Food_Row><lu_Condiment_Food_Row><survey_food_code>91406500</survey_food_code><display_name>All-fruit preserves</display_name><condiment_portion_size>1 Tbsp</condiment_portion_size><condiment_portion_code>21000</condiment_portion_code><condiment_grains>.00000</condiment_grains><condiment_whole_grains>.00000</condiment_whole_grains><condiment_vegetables>.00000</condiment_vegetables><condiment_dkgreen>.00000</condiment_dkgreen><condiment_orange>.00000</condiment_orange><condiment_starchy_vegetables>.00000</condiment_starchy_vegetables><condiment_other_vegetables>.00000</condiment_other_vegetables><condiment_fruits>.07530</condiment_fruits><condiment_milk>.00000</condiment_milk><condiment_meat>.00000</condiment_meat><condiment_soy>.00000</condiment_soy><condiment_drybeans_peas>.00000</condiment_drybeans_peas><condiment_oils>.00000</condiment_oils><condiment_solid_fats>.00000</condiment_solid_fats><condiment_added_sugars>.00000</condiment_added_sugars><condiment_alcohol>.00000</condiment_alcohol><condiment_calories>36.60000</condiment_calories><condiment_saturated_fats>.01200</condiment_saturated_fats></lu_Condiment_Food_Row>
</lu_Condiment_Food_Table>
